<?xml version="1.0" encoding="UTF-8"?>
<project-private xmlns="http://www.netbeans.org/ns/project-private/1">
    <editor-bookmarks xmlns="http://www.netbeans.org/ns/editor-bookmarks/2" lastBookmarkId="0"/>
    <open-files xmlns="http://www.netbeans.org/ns/projectui-open-files/2">
        <group>
            <file>file:/C:/microchip/harmony/v2_06/apps/tcpip/tcpip_tcp_server_TP5/firmware/src/appgen.c</file>
            <file>file:/C:/microchip/harmony/v2_06/apps/tcpip/tcpip_tcp_server_TP5/firmware/src/Generateur.c</file>
            <file>file:/C:/microchip/harmony/v2_06/bsp/pic32mx_skes/bsp.c</file>
            <file>file:/C:/microchip/harmony/v2_06/apps/tcpip/tcpip_tcp_server_TP5/firmware/src/app.h</file>
            <file>file:/C:/microchip/harmony/v2_06/apps/tcpip/tcpip_tcp_server_TP5/firmware/src/GesPec12.c</file>
            <file>file:/C:/microchip/harmony/v2_06/apps/tcpip/tcpip_tcp_server_TP5/firmware/src/app.c</file>
            <file>file:/C:/microchip/harmony/v2_06/apps/tcpip/tcpip_tcp_server_TP5/firmware/src/MenuGen.c</file>
            <file>file:/C:/microchip/harmony/v2_06/apps/tcpip/tcpip_tcp_server_TP5/firmware/src/appgen.h</file>
        </group>
    </open-files>
</project-private>
