<?xml version="1.0" encoding="UTF-8"?>
<configurationDescriptor version="65">
  <logicalFolder name="root" displayName="root" projectFiles="true">
    <logicalFolder name="f1" displayName="Header Files" projectFiles="true">
      <logicalFolder name="f1" displayName="app" projectFiles="true">
        <logicalFolder name="f1" displayName="system_config" projectFiles="true">
          <logicalFolder name="f1" displayName="pic32mx_eth_sk2" projectFiles="true">
            <logicalFolder name="f1" displayName="framework" projectFiles="true">
              <logicalFolder name="f1" displayName="system" projectFiles="true">
                <logicalFolder name="f1" displayName="devcon" projectFiles="true">
                  <logicalFolder name="f1" displayName="src" projectFiles="true">
                    <itemPath>../src/system_config/pic32mx_eth_sk2/framework/system/devcon/src/sys_devcon_local.h</itemPath>
                  </logicalFolder>
                  <itemPath>../src/system_config/pic32mx_eth_sk2/framework/system/devcon/sys_devcon.h</itemPath>
                </logicalFolder>
              </logicalFolder>
              <itemPath>../src/system_config/pic32mx_eth_sk2/framework/driver/tmr/drv_tmr_static.h</itemPath>
            </logicalFolder>
            <itemPath>../src/system_config/pic32mx_eth_sk2/system_config.h</itemPath>
            <itemPath>../src/system_config/pic32mx_eth_sk2/system_definitions.h</itemPath>
          </logicalFolder>
          <logicalFolder name="f2" displayName="pic32mz_ef_sk" projectFiles="true">
            <logicalFolder name="f2" displayName="bsp" projectFiles="true">
              <itemPath>../src/system_config/pic32mz_ef_sk/bsp/bsp.h</itemPath>
            </logicalFolder>
            <logicalFolder name="f1" displayName="framework" projectFiles="true">
              <logicalFolder name="f1" displayName="system" projectFiles="true">
                <logicalFolder name="f1" displayName="devcon" projectFiles="true">
                  <logicalFolder name="f1" displayName="src" projectFiles="true">
                    <itemPath>../src/system_config/pic32mz_ef_sk/framework/system/devcon/src/sys_devcon_local.h</itemPath>
                  </logicalFolder>
                  <itemPath>../src/system_config/pic32mz_ef_sk/framework/system/devcon/sys_devcon.h</itemPath>
                </logicalFolder>
              </logicalFolder>
            </logicalFolder>
            <itemPath>../src/system_config/pic32mz_ef_sk/system_config.h</itemPath>
            <itemPath>../src/system_config/pic32mz_ef_sk/system_definitions.h</itemPath>
          </logicalFolder>
        </logicalFolder>
        <itemPath>../src/app.h</itemPath>
        <itemPath>../src/appgen.h</itemPath>
        <itemPath>../src/DefMenuGen.h</itemPath>
        <itemPath>../src/Generateur.h</itemPath>
        <itemPath>../src/GesPec12.h</itemPath>
        <itemPath>../src/Mc32Debounce.h</itemPath>
        <itemPath>../src/Mc32NVMUtil.h</itemPath>
        <itemPath>../src/Mc32SpiUtil.h</itemPath>
        <itemPath>../src/Mc32_I2cUtilCCS.h</itemPath>
        <itemPath>../src/Mc32gestI2cSeeprom.h</itemPath>
        <itemPath>../src/Mc32gestSpiDac.h</itemPath>
        <itemPath>../src/Mc32gest_SerComm.h</itemPath>
        <itemPath>../src/MenuGen.h</itemPath>
      </logicalFolder>
      <logicalFolder name="f3" displayName="bsp" projectFiles="true">
        <logicalFolder name="f1" displayName="pic32mx_skes" projectFiles="true">
          <itemPath>../../../../../bsp/pic32mx_skes/bsp.h</itemPath>
          <itemPath>../../../../../bsp/pic32mx_skes/Mc32Delays.h</itemPath>
          <itemPath>../../../../../bsp/pic32mx_skes/Mc32DriverAdc.h</itemPath>
          <itemPath>../../../../../bsp/pic32mx_skes/Mc32DriverAdcAlt.h</itemPath>
          <itemPath>../../../../../bsp/pic32mx_skes/Mc32DriverLcd.h</itemPath>
          <itemPath>../../../../../bsp/pic32mx_skes/Mc32CoreTimer.h</itemPath>
        </logicalFolder>
      </logicalFolder>
      <logicalFolder name="f2" displayName="framework" projectFiles="true">
        <logicalFolder name="f1" displayName="crypto" projectFiles="true">
          <logicalFolder name="f1" displayName="src" projectFiles="true">
            <logicalFolder name="f1" displayName="zlib-1.2.7" projectFiles="true">
              <logicalFolder name="f1" displayName="examples" projectFiles="true">
                <itemPath>../../../../../framework/crypto/src/zlib-1.2.7/examples/gzlog.h</itemPath>
              </logicalFolder>
              <itemPath>../../../../../framework/crypto/src/zlib-1.2.7/crc32.h</itemPath>
              <itemPath>../../../../../framework/crypto/src/zlib-1.2.7/deflate.h</itemPath>
              <itemPath>../../../../../framework/crypto/src/zlib-1.2.7/inffast.h</itemPath>
              <itemPath>../../../../../framework/crypto/src/zlib-1.2.7/inffixed.h</itemPath>
              <itemPath>../../../../../framework/crypto/src/zlib-1.2.7/inflate.h</itemPath>
              <itemPath>../../../../../framework/crypto/src/zlib-1.2.7/inftrees.h</itemPath>
              <itemPath>../../../../../framework/crypto/src/zlib-1.2.7/trees.h</itemPath>
              <itemPath>../../../../../framework/crypto/src/zlib-1.2.7/zconf.h</itemPath>
              <itemPath>../../../../../framework/crypto/src/zlib-1.2.7/zlib.h</itemPath>
              <itemPath>../../../../../framework/crypto/src/zlib-1.2.7/zutil.h</itemPath>
              <itemPath>../../../../../framework/crypto/src/zlib-1.2.7/gzguts.h</itemPath>
            </logicalFolder>
            <itemPath>../../../../../framework/crypto/src/ecc.h</itemPath>
            <itemPath>../../../../../framework/crypto/src/arc4.h</itemPath>
            <itemPath>../../../../../framework/crypto/src/pwdbased.h</itemPath>
            <itemPath>../../../../../framework/crypto/src/tfm.h</itemPath>
            <itemPath>../../../../../framework/crypto/src/asn.h</itemPath>
            <itemPath>../../../../../framework/crypto/src/des3.h</itemPath>
            <itemPath>../../../../../framework/crypto/src/rsa.h</itemPath>
            <itemPath>../../../../../framework/crypto/src/aes.h</itemPath>
            <itemPath>../../../../../framework/crypto/src/md5.h</itemPath>
            <itemPath>../../../../../framework/crypto/src/sha.h</itemPath>
            <itemPath>../../../../../framework/crypto/src/sha256.h</itemPath>
            <itemPath>../../../../../framework/crypto/src/sha512.h</itemPath>
            <itemPath>../../../../../framework/crypto/src/hmac.h</itemPath>
            <itemPath>../../../../../framework/crypto/src/hash.h</itemPath>
            <itemPath>../../../../../framework/crypto/src/compress.h</itemPath>
            <itemPath>../../../../../framework/crypto/src/random.h</itemPath>
            <itemPath>../../../../../framework/crypto/src/coding.h</itemPath>
            <itemPath>../../../../../framework/crypto/src/error-crypt.h</itemPath>
            <itemPath>../../../../../framework/crypto/src/integer.h</itemPath>
            <itemPath>../../../../../framework/crypto/src/certs_test.h</itemPath>
            <itemPath>../../../../../framework/crypto/src/logging.h</itemPath>
            <itemPath>../../../../../framework/crypto/src/memory.h</itemPath>
            <itemPath>../../../../../framework/crypto/src/misc.h</itemPath>
            <itemPath>../../../../../framework/crypto/src/misc.c</itemPath>
            <itemPath>../../../../../framework/crypto/src/wc_port.h</itemPath>
            <itemPath>../../../../../framework/crypto/src/wolfmath.h</itemPath>
            <itemPath>../../../../../framework/crypto/src/settings.h</itemPath>
            <itemPath>../../../../../framework/crypto/src/types.h</itemPath>
            <itemPath>../../../../../framework/crypto/src/version.h</itemPath>
            <itemPath>../../../../../framework/crypto/src/visibility.h</itemPath>
            <itemPath>../../../../../framework/crypto/src/asn_public.h</itemPath>
            <itemPath>../../../../../framework/crypto/src/chacha.h</itemPath>
            <itemPath>../../../../../framework/crypto/src/chacha20_poly1305.h</itemPath>
            <itemPath>../../../../../framework/crypto/src/cmac.h</itemPath>
            <itemPath>../../../../../framework/crypto/src/curve25519.h</itemPath>
            <itemPath>../../../../../framework/crypto/src/ed25519.h</itemPath>
            <itemPath>../../../../../framework/crypto/src/fe_operations.h</itemPath>
            <itemPath>../../../../../framework/crypto/src/fips_test.h</itemPath>
            <itemPath>../../../../../framework/crypto/src/ge_operations.h</itemPath>
            <itemPath>../../../../../framework/crypto/src/idea.h</itemPath>
            <itemPath>../../../../../framework/crypto/src/mem_track.h</itemPath>
            <itemPath>../../../../../framework/crypto/src/pkcs12.h</itemPath>
            <itemPath>../../../../../framework/crypto/src/pkcs7.h</itemPath>
            <itemPath>../../../../../framework/crypto/src/poly1305.h</itemPath>
            <itemPath>../../../../../framework/crypto/src/signature.h</itemPath>
            <itemPath>../../../../../framework/crypto/src/srp.h</itemPath>
            <itemPath>../../../../../framework/crypto/src/wc_encrypt.h</itemPath>
            <itemPath>../../../../../framework/crypto/src/wolfevent.h</itemPath>
            <itemPath>../../../../../framework/crypto/src/dh.h</itemPath>
            <itemPath>../../../../../framework/crypto/src/dsa.h</itemPath>
            <itemPath>../../../../../framework/crypto/src/hc128.h</itemPath>
            <itemPath>../../../../../framework/crypto/src/md2.h</itemPath>
            <itemPath>../../../../../framework/crypto/src/md4.h</itemPath>
            <itemPath>../../../../../framework/crypto/src/mpi_class.h</itemPath>
            <itemPath>../../../../../framework/crypto/src/mpi_superclass.h</itemPath>
            <itemPath>../../../../../framework/crypto/src/rabbit.h</itemPath>
            <itemPath>../../../../../framework/crypto/src/ripemd.h</itemPath>
            <itemPath>../../../../../framework/crypto/src/ssl.h</itemPath>
          </logicalFolder>
          <itemPath>../../../../../framework/crypto/crypto.h</itemPath>
        </logicalFolder>
        <logicalFolder name="f2" displayName="driver" projectFiles="true">
          <logicalFolder name="f1" displayName="ethmac" projectFiles="true">
            <logicalFolder name="f1" displayName="src" projectFiles="true">
              <logicalFolder name="f1" displayName="dynamic" projectFiles="true">
                <itemPath>../../../../../framework/driver/ethmac/src/dynamic/_eth_dcpt_lists.h</itemPath>
                <itemPath>../../../../../framework/driver/ethmac/src/dynamic/drv_ethmac_lib.h</itemPath>
              </logicalFolder>
              <itemPath>../../../../../framework/driver/ethmac/src/drv_ethmac_local.h</itemPath>
            </logicalFolder>
            <itemPath>../../../../../framework/driver/ethmac/drv_ethmac.h</itemPath>
          </logicalFolder>
          <logicalFolder name="f2" displayName="ethphy" projectFiles="true">
            <logicalFolder name="f1" displayName="src" projectFiles="true">
              <logicalFolder name="f1" displayName="dynamic" projectFiles="true">
                <itemPath>../../../../../framework/driver/ethphy/src/dynamic/drv_extphy_regs.h</itemPath>
                <itemPath>../../../../../framework/driver/ethphy/src/dynamic/drv_extphy_dp83640.h</itemPath>
                <itemPath>../../../../../framework/driver/ethphy/src/dynamic/drv_extphy_dp83848.h</itemPath>
                <itemPath>../../../../../framework/driver/ethphy/src/dynamic/drv_extphy_ip101gr.h</itemPath>
                <itemPath>../../../../../framework/driver/ethphy/src/dynamic/drv_extphy_smsc8700.h</itemPath>
                <itemPath>../../../../../framework/driver/ethphy/src/dynamic/drv_extphy_smsc8720.h</itemPath>
                <itemPath>../../../../../framework/driver/ethphy/src/dynamic/drv_extphy_smsc8740.h</itemPath>
                <itemPath>../../../../../framework/driver/ethphy/src/dynamic/drv_extphy_smsc9303.h</itemPath>
                <itemPath>../../../../../framework/driver/ethphy/src/dynamic/drv_extphy_ksz8061.h</itemPath>
                <itemPath>../../../../../framework/driver/ethphy/src/dynamic/drv_extphy_ksz8041.h</itemPath>
                <itemPath>../../../../../framework/driver/ethphy/src/dynamic/drv_extphy_ksz8863.h</itemPath>
              </logicalFolder>
              <itemPath>../../../../../framework/driver/ethphy/src/drv_ethphy_local.h</itemPath>
            </logicalFolder>
            <itemPath>../../../../../framework/driver/ethphy/drv_ethphy.h</itemPath>
          </logicalFolder>
          <logicalFolder name="f3" displayName="miim" projectFiles="true">
            <logicalFolder name="f1" displayName="config" projectFiles="true">
              <itemPath>../../../../../framework/driver/miim/config/drv_miim_config.h</itemPath>
            </logicalFolder>
            <logicalFolder name="f2" displayName="src" projectFiles="true">
              <logicalFolder name="f1" displayName="dynamic" projectFiles="true">
                <itemPath>../../../../../framework/driver/miim/src/dynamic/drv_miim_mapping.h</itemPath>
              </logicalFolder>
              <itemPath>../../../../../framework/driver/miim/src/drv_miim_local.h</itemPath>
            </logicalFolder>
            <itemPath>../../../../../framework/driver/miim/drv_miim.h</itemPath>
          </logicalFolder>
          <logicalFolder name="f4" displayName="tmr" projectFiles="true">
            <logicalFolder name="f1" displayName="src" projectFiles="true">
              <itemPath>../../../../../framework/driver/tmr/src/drv_tmr_variant_mapping.h</itemPath>
              <itemPath>../../../../../framework/driver/tmr/src/drv_tmr_local.h</itemPath>
            </logicalFolder>
            <itemPath>../../../../../framework/driver/tmr/drv_tmr.h</itemPath>
            <itemPath>../../../../../framework/driver/tmr/drv_tmr_mapping.h</itemPath>
            <itemPath>../../../../../framework/driver/tmr/drv_tmr_compatibility.h</itemPath>
            <itemPath>../../../../../framework/driver/tmr/tmr_definitions_pic32m.h</itemPath>
          </logicalFolder>
          <logicalFolder name="f5" displayName="usb" projectFiles="true">
            <logicalFolder name="f2" displayName="usbfs" projectFiles="true">
              <logicalFolder name="f1" displayName="src" projectFiles="true">
                <itemPath>../../../../../framework/driver/usb/usbfs/src/drv_usbfs_local.h</itemPath>
                <itemPath>../../../../../framework/driver/usb/usbfs/src/drv_usbfs_variant_mapping.h</itemPath>
              </logicalFolder>
              <itemPath>../../../../../framework/driver/usb/usbfs/drv_usbfs.h</itemPath>
              <itemPath>../../../../../framework/driver/usb/usbfs/drv_usbfs_mapping.h</itemPath>
            </logicalFolder>
            <logicalFolder name="f1" displayName="usbhs" projectFiles="true">
              <logicalFolder name="f1" displayName="src" projectFiles="true">
                <itemPath>../../../../../framework/driver/usb/usbhs/src/drv_usbhs_local.h</itemPath>
                <itemPath>../../../../../framework/driver/usb/usbhs/src/drv_usbhs_variant_mapping.h</itemPath>
              </logicalFolder>
              <itemPath>../../../../../framework/driver/usb/usbhs/drv_usbhs.h</itemPath>
            </logicalFolder>
            <itemPath>../../../../../framework/driver/usb/drv_usb.h</itemPath>
          </logicalFolder>
          <itemPath>../../../../../framework/driver/driver.h</itemPath>
          <itemPath>../../../../../framework/driver/driver_common.h</itemPath>
        </logicalFolder>
        <logicalFolder name="f6" displayName="net" projectFiles="true">
          <logicalFolder name="f1" displayName="pres" projectFiles="true">
            <itemPath>../../../../../framework/net/pres/net_pres.h</itemPath>
          </logicalFolder>
        </logicalFolder>
        <logicalFolder name="f3" displayName="osal" projectFiles="true">
          <itemPath>../../../../../framework/osal/osal.h</itemPath>
          <itemPath>../../../../../framework/osal/osal_definitions.h</itemPath>
          <itemPath>../../../../../framework/osal/osal_impl_basic.h</itemPath>
        </logicalFolder>
        <logicalFolder name="f4" displayName="system" projectFiles="true">
          <logicalFolder name="f2" displayName="clk" projectFiles="true">
            <itemPath>../../../../../framework/system/clk/sys_clk.h</itemPath>
            <itemPath>../../../../../framework/system/clk/sys_clk_compatibility.h</itemPath>
            <itemPath>../../../../../framework/system/clk/sys_clk_mapping.h</itemPath>
          </logicalFolder>
          <logicalFolder name="f4" displayName="command" projectFiles="true">
            <itemPath>../../../../../framework/system/command/sys_command.h</itemPath>
          </logicalFolder>
          <logicalFolder name="f1" displayName="common" projectFiles="true">
            <itemPath>../../../../../framework/system/common/sys_common.h</itemPath>
            <itemPath>../../../../../framework/system/common/sys_module.h</itemPath>
            <itemPath>../../../../../framework/system/common/sys_buffer.h</itemPath>
            <itemPath>../../../../../framework/system/common/sys_queue.h</itemPath>
          </logicalFolder>
          <logicalFolder name="f5" displayName="console" projectFiles="true">
            <logicalFolder name="f1" displayName="src" projectFiles="true">
              <itemPath>../../../../../framework/system/console/src/sys_console_local.h</itemPath>
              <itemPath>../../../../../framework/system/console/src/sys_console_usb_cdc_local.h</itemPath>
            </logicalFolder>
            <itemPath>../../../../../framework/system/console/sys_console.h</itemPath>
          </logicalFolder>
          <logicalFolder name="f6" displayName="debug" projectFiles="true">
            <logicalFolder name="f1" displayName="src" projectFiles="true">
              <itemPath>../../../../../framework/system/debug/src/sys_debug_local.h</itemPath>
            </logicalFolder>
            <itemPath>../../../../../framework/system/debug/sys_debug.h</itemPath>
          </logicalFolder>
          <logicalFolder name="f11" displayName="fs" projectFiles="true">
            <itemPath>../../../../../framework/system/fs/sys_fs.h</itemPath>
          </logicalFolder>
          <logicalFolder name="f7" displayName="int" projectFiles="true">
            <logicalFolder name="f1" displayName="src" projectFiles="true">
              <itemPath>../../../../../framework/system/int/src/sys_int_private.h</itemPath>
            </logicalFolder>
            <itemPath>../../../../../framework/system/int/sys_int.h</itemPath>
            <itemPath>../../../../../framework/system/int/sys_int_mapping.h</itemPath>
          </logicalFolder>
          <logicalFolder name="f3" displayName="ports" projectFiles="true">
            <itemPath>../../../../../framework/system/ports/sys_ports.h</itemPath>
            <itemPath>../../../../../framework/system/ports/sys_ports_definitions.h</itemPath>
          </logicalFolder>
          <logicalFolder name="f8" displayName="random" projectFiles="true">
            <logicalFolder name="f1" displayName="src" projectFiles="true">
              <itemPath>../../../../../framework/system/random/src/sys_random_local.h</itemPath>
            </logicalFolder>
            <itemPath>../../../../../framework/system/random/sys_random.h</itemPath>
          </logicalFolder>
          <logicalFolder name="f9" displayName="reset" projectFiles="true">
            <itemPath>../../../../../framework/system/reset/sys_reset.h</itemPath>
            <itemPath>../../../../../framework/system/reset/sys_reset_definitions_pic32m.h</itemPath>
          </logicalFolder>
          <logicalFolder name="f10" displayName="tmr" projectFiles="true">
            <logicalFolder name="f1" displayName="src" projectFiles="true">
              <itemPath>../../../../../framework/system/tmr/src/sys_tmr_local.h</itemPath>
            </logicalFolder>
            <itemPath>../../../../../framework/system/tmr/sys_tmr.h</itemPath>
          </logicalFolder>
          <logicalFolder name="f12" displayName="wdt" projectFiles="true">
            <itemPath>../../../../../framework/system/wdt/sys_wdt_local.h</itemPath>
          </logicalFolder>
          <itemPath>../../../../../framework/system/system.h</itemPath>
        </logicalFolder>
        <logicalFolder name="f5" displayName="tcpip" projectFiles="true">
          <logicalFolder name="f1" displayName="src" projectFiles="true">
            <logicalFolder name="f2" displayName="common" projectFiles="true">
              <itemPath>../../../../../framework/tcpip/src/common/helpers.h</itemPath>
            </logicalFolder>
            <logicalFolder name="f1" displayName="crypto" projectFiles="true">
              <itemPath>../../../../../framework/tcpip/src/crypto/aes.h</itemPath>
              <itemPath>../../../../../framework/tcpip/src/crypto/aes_cbc.h</itemPath>
              <itemPath>../../../../../framework/tcpip/src/crypto/aes_cfb.h</itemPath>
              <itemPath>../../../../../framework/tcpip/src/crypto/aes_ctr.h</itemPath>
              <itemPath>../../../../../framework/tcpip/src/crypto/aes_ecb.h</itemPath>
              <itemPath>../../../../../framework/tcpip/src/crypto/aes_ecb_pic32.h</itemPath>
              <itemPath>../../../../../framework/tcpip/src/crypto/aes_ofb.h</itemPath>
            </logicalFolder>
            <itemPath>../../../../../framework/tcpip/src/ipv4_manager.h</itemPath>
            <itemPath>../../../../../framework/tcpip/src/ipv4_private.h</itemPath>
            <itemPath>../../../../../framework/tcpip/src/ndp_manager.h</itemPath>
            <itemPath>../../../../../framework/tcpip/src/ndp_private.h</itemPath>
            <itemPath>../../../../../framework/tcpip/src/ipv6_manager.h</itemPath>
            <itemPath>../../../../../framework/tcpip/src/ipv6_private.h</itemPath>
            <itemPath>../../../../../framework/tcpip/src/icmpv6_manager.h</itemPath>
            <itemPath>../../../../../framework/tcpip/src/tcp_private.h</itemPath>
            <itemPath>../../../../../framework/tcpip/src/tcp_manager.h</itemPath>
            <itemPath>../../../../../framework/tcpip/src/udp_private.h</itemPath>
            <itemPath>../../../../../framework/tcpip/src/udp_manager.h</itemPath>
            <itemPath>../../../../../framework/tcpip/src/tcpip_heap_alloc.h</itemPath>
            <itemPath>../../../../../framework/tcpip/src/arp_manager.h</itemPath>
            <itemPath>../../../../../framework/tcpip/src/arp_private.h</itemPath>
            <itemPath>../../../../../framework/tcpip/src/dhcp_manager.h</itemPath>
            <itemPath>../../../../../framework/tcpip/src/dhcp_private.h</itemPath>
            <itemPath>../../../../../framework/tcpip/src/dhcps_manager.h</itemPath>
            <itemPath>../../../../../framework/tcpip/src/dhcps_private.h</itemPath>
            <itemPath>../../../../../framework/tcpip/src/dns_manager.h</itemPath>
            <itemPath>../../../../../framework/tcpip/src/dns_private.h</itemPath>
            <itemPath>../../../../../framework/tcpip/src/dnss_manager.h</itemPath>
            <itemPath>../../../../../framework/tcpip/src/dnss_private.h</itemPath>
            <itemPath>../../../../../framework/tcpip/src/ddns_manager.h</itemPath>
            <itemPath>../../../../../framework/tcpip/src/ftp_manager.h</itemPath>
            <itemPath>../../../../../framework/tcpip/src/ftp_private.h</itemPath>
            <itemPath>../../../../../framework/tcpip/src/http_manager.h</itemPath>
            <itemPath>../../../../../framework/tcpip/src/http_private.h</itemPath>
            <itemPath>../../../../../framework/tcpip/src/http_net_manager.h</itemPath>
            <itemPath>../../../../../framework/tcpip/src/http_net_private.h</itemPath>
            <itemPath>../../../../../framework/tcpip/src/icmp_manager.h</itemPath>
            <itemPath>../../../../../framework/tcpip/src/nbns_manager.h</itemPath>
            <itemPath>../../../../../framework/tcpip/src/tcpip_reboot_manager.h</itemPath>
            <itemPath>../../../../../framework/tcpip/src/smtp_manager.h</itemPath>
            <itemPath>../../../../../framework/tcpip/src/smtpc_manager.h</itemPath>
            <itemPath>../../../../../framework/tcpip/src/smtpc_private.h</itemPath>
            <itemPath>../../../../../framework/tcpip/src/snmp_private.h</itemPath>
            <itemPath>../../../../../framework/tcpip/src/snmp_manager.h</itemPath>
            <itemPath>../../../../../framework/tcpip/src/snmpv3_private.h</itemPath>
            <itemPath>../../../../../framework/tcpip/src/sntp_manager.h</itemPath>
            <itemPath>../../../../../framework/tcpip/src/telnet_manager.h</itemPath>
            <itemPath>../../../../../framework/tcpip/src/zero_conf_helper.h</itemPath>
            <itemPath>../../../../../framework/tcpip/src/zero_conf_link_local_private.h</itemPath>
            <itemPath>../../../../../framework/tcpip/src/zero_conf_manager.h</itemPath>
            <itemPath>../../../../../framework/tcpip/src/tcpip_announce_manager.h</itemPath>
            <itemPath>../../../../../framework/tcpip/src/iperf_manager.h</itemPath>
            <itemPath>../../../../../framework/tcpip/src/tcpip_commands_manager.h</itemPath>
            <itemPath>../../../../../framework/tcpip/src/tftpc_manager.h</itemPath>
            <itemPath>../../../../../framework/tcpip/src/tftpc_private.h</itemPath>
            <itemPath>../../../../../framework/tcpip/src/igmp_private.h</itemPath>
            <itemPath>../../../../../framework/tcpip/src/igmp_manager.h</itemPath>
            <itemPath>../../../../../framework/tcpip/src/tftps_manager.h</itemPath>
            <itemPath>../../../../../framework/tcpip/src/tftps_private.h</itemPath>
            <itemPath>../../../../../framework/tcpip/src/hash_fnv.h</itemPath>
            <itemPath>../../../../../framework/tcpip/src/link_list.h</itemPath>
            <itemPath>../../../../../framework/tcpip/src/oahash.h</itemPath>
            <itemPath>../../../../../framework/tcpip/src/tcpip_helpers_private.h</itemPath>
            <itemPath>../../../../../framework/tcpip/src/tcpip_manager_control.h</itemPath>
            <itemPath>../../../../../framework/tcpip/src/tcpip_module_manager.h</itemPath>
            <itemPath>../../../../../framework/tcpip/src/tcpip_notify.h</itemPath>
            <itemPath>../../../../../framework/tcpip/src/tcpip_packet.h</itemPath>
            <itemPath>../../../../../framework/tcpip/src/tcpip_private.h</itemPath>
            <itemPath>../../../../../framework/tcpip/src/tcpip_types.h</itemPath>
            <itemPath>../../../../../framework/tcpip/src/berkeley_manager.h</itemPath>
            <itemPath>../../../../../framework/tcpip/src/dhcpv6_manager.h</itemPath>
            <itemPath>../../../../../framework/tcpip/src/dhcpv6_private.h</itemPath>
            <itemPath>../../../../../framework/tcpip/src/lldp_manager.h</itemPath>
            <itemPath>../../../../../framework/tcpip/src/lldp_private.h</itemPath>
            <itemPath>../../../../../framework/tcpip/src/lldp_tlv.h</itemPath>
          </logicalFolder>
          <itemPath>../../../../../framework/tcpip/ipv4.h</itemPath>
          <itemPath>../../../../../framework/tcpip/ndp.h</itemPath>
          <itemPath>../../../../../framework/tcpip/ipv6.h</itemPath>
          <itemPath>../../../../../framework/tcpip/icmpv6.h</itemPath>
          <itemPath>../../../../../framework/tcpip/tcp.h</itemPath>
          <itemPath>../../../../../framework/tcpip/udp.h</itemPath>
          <itemPath>../../../../../framework/tcpip/tcpip_heap.h</itemPath>
          <itemPath>../../../../../framework/tcpip/arp.h</itemPath>
          <itemPath>../../../../../framework/tcpip/berkeley_api.h</itemPath>
          <itemPath>../../../../../framework/tcpip/dhcp.h</itemPath>
          <itemPath>../../../../../framework/tcpip/dhcps.h</itemPath>
          <itemPath>../../../../../framework/tcpip/dns.h</itemPath>
          <itemPath>../../../../../framework/tcpip/dnss.h</itemPath>
          <itemPath>../../../../../framework/tcpip/ddns.h</itemPath>
          <itemPath>../../../../../framework/tcpip/ftp.h</itemPath>
          <itemPath>../../../../../framework/tcpip/http.h</itemPath>
          <itemPath>../../../../../framework/tcpip/http_net.h</itemPath>
          <itemPath>../../../../../framework/tcpip/icmp.h</itemPath>
          <itemPath>../../../../../framework/tcpip/nbns.h</itemPath>
          <itemPath>../../../../../framework/tcpip/smtp.h</itemPath>
          <itemPath>../../../../../framework/tcpip/smtpc.h</itemPath>
          <itemPath>../../../../../framework/tcpip/snmp.h</itemPath>
          <itemPath>../../../../../framework/tcpip/snmpv3.h</itemPath>
          <itemPath>../../../../../framework/tcpip/sntp.h</itemPath>
          <itemPath>../../../../../framework/tcpip/telnet.h</itemPath>
          <itemPath>../../../../../framework/tcpip/zero_conf_link_local.h</itemPath>
          <itemPath>../../../../../framework/tcpip/zero_conf_multicast_dns.h</itemPath>
          <itemPath>../../../../../framework/tcpip/iperf.h</itemPath>
          <itemPath>../../../../../framework/tcpip/tcpip_commands.h</itemPath>
          <itemPath>../../../../../framework/tcpip/tftpc.h</itemPath>
          <itemPath>../../../../../framework/tcpip/igmp.h</itemPath>
          <itemPath>../../../../../framework/tcpip/tftps.h</itemPath>
          <itemPath>../../../../../framework/tcpip/tcpip_helpers.h</itemPath>
          <itemPath>../../../../../framework/tcpip/tcpip_manager.h</itemPath>
          <itemPath>../../../../../framework/tcpip/tcpip.h</itemPath>
          <itemPath>../../../../../framework/tcpip/dhcpv6.h</itemPath>
          <itemPath>../../../../../framework/tcpip/lldp.h</itemPath>
          <itemPath>../../../../../framework/tcpip/tcpip_announce.h</itemPath>
          <itemPath>../../../../../framework/tcpip/tcpip_reboot.h</itemPath>
          <itemPath>../../../../../framework/tcpip/tcpip_common_ports.h</itemPath>
          <itemPath>../../../../../framework/tcpip/tcpip_mac.h</itemPath>
          <itemPath>../../../../../framework/tcpip/tcpip_mac_object.h</itemPath>
          <itemPath>../../../../../framework/tcpip/tcpip_ethernet.h</itemPath>
        </logicalFolder>
        <logicalFolder name="f7" displayName="usb" projectFiles="true">
          <logicalFolder name="f1" displayName="src" projectFiles="true">
            <itemPath>../../../../../framework/usb/src/usb_device_function_driver.h</itemPath>
            <itemPath>../../../../../framework/usb/src/usb_device_local.h</itemPath>
            <itemPath>../../../../../framework/usb/src/usb_device_mapping.h</itemPath>
            <itemPath>../../../../../framework/usb/src/usb_device_cdc_local.h</itemPath>
          </logicalFolder>
          <itemPath>../../../../../framework/usb/usb_common.h</itemPath>
          <itemPath>../../../../../framework/usb/usb_chapter_9.h</itemPath>
          <itemPath>../../../../../framework/usb/usb_hub.h</itemPath>
          <itemPath>../../../../../framework/usb/usb_host_hub.h</itemPath>
          <itemPath>../../../../../framework/usb/usb_host_client_driver.h</itemPath>
          <itemPath>../../../../../framework/usb/usb_host.h</itemPath>
          <itemPath>../../../../../framework/usb/usb_host_hub_interface.h</itemPath>
          <itemPath>../../../../../framework/usb/usb_device.h</itemPath>
          <itemPath>../../../../../framework/usb/usb_billboard.h</itemPath>
          <itemPath>../../../../../framework/usb/usb_cdc.h</itemPath>
          <itemPath>../../../../../framework/usb/usb_device_cdc.h</itemPath>
        </logicalFolder>
      </logicalFolder>
    </logicalFolder>
    <logicalFolder name="f4" displayName="Important Files" projectFiles="true">
      <itemPath>Makefile</itemPath>
    </logicalFolder>
    <logicalFolder name="LinkerScript"
                   displayName="Linker Files"
                   projectFiles="true">
    </logicalFolder>
    <logicalFolder name="f3" displayName="Source Files" projectFiles="true">
      <logicalFolder name="f1" displayName="app" projectFiles="true">
        <logicalFolder name="f1" displayName="system_config" projectFiles="true">
          <logicalFolder name="f1" displayName="pic32mx_eth_sk2" projectFiles="true">
            <logicalFolder name="f1" displayName="framework" projectFiles="true">
              <logicalFolder name="f1" displayName="system" projectFiles="true">
                <logicalFolder name="f1" displayName="clk" projectFiles="true">
                  <logicalFolder name="f1" displayName="src" projectFiles="true">
                    <itemPath>../src/system_config/pic32mx_eth_sk2/framework/system/clk/src/sys_clk_pic32mx.c</itemPath>
                  </logicalFolder>
                </logicalFolder>
                <logicalFolder name="f2" displayName="devcon" projectFiles="true">
                  <logicalFolder name="f1" displayName="src" projectFiles="true">
                    <itemPath>../src/system_config/pic32mx_eth_sk2/framework/system/devcon/src/sys_devcon.c</itemPath>
                    <itemPath>../src/system_config/pic32mx_eth_sk2/framework/system/devcon/src/sys_devcon_pic32mx.c</itemPath>
                  </logicalFolder>
                </logicalFolder>
                <logicalFolder name="f3" displayName="ports" projectFiles="true">
                  <logicalFolder name="f1" displayName="src" projectFiles="true">
                    <itemPath>../src/system_config/pic32mx_eth_sk2/framework/system/ports/src/sys_ports_static.c</itemPath>
                  </logicalFolder>
                </logicalFolder>
                <logicalFolder name="f4" displayName="reset" projectFiles="true">
                  <logicalFolder name="f1" displayName="src" projectFiles="true">
                    <itemPath>../src/system_config/pic32mx_eth_sk2/framework/system/reset/src/sys_reset.c</itemPath>
                  </logicalFolder>
                </logicalFolder>
              </logicalFolder>
              <itemPath>../src/system_config/pic32mx_eth_sk2/framework/driver/tmr/src/drv_tmr_static.c</itemPath>
            </logicalFolder>
            <itemPath>../src/system_config/pic32mx_eth_sk2/system_init.c</itemPath>
            <itemPath>../src/system_config/pic32mx_eth_sk2/system_interrupt.c</itemPath>
            <itemPath>../src/system_config/pic32mx_eth_sk2/system_exceptions.c</itemPath>
            <itemPath>../src/system_config/pic32mx_eth_sk2/system_tasks.c</itemPath>
          </logicalFolder>
        </logicalFolder>
        <itemPath>../src/app.c</itemPath>
        <itemPath>../src/main.c</itemPath>
        <itemPath>../src/appgen.c</itemPath>
        <itemPath>../src/Generateur.c</itemPath>
        <itemPath>../src/GesPec12.c</itemPath>
        <itemPath>../src/Mc32Debounce.c</itemPath>
        <itemPath>../src/Mc32NVMUtil.c</itemPath>
        <itemPath>../src/Mc32SpiUtil.c</itemPath>
        <itemPath>../src/Mc32_I2cUtilCCS.c</itemPath>
        <itemPath>../src/Mc32gestI2cSeeprom.c</itemPath>
        <itemPath>../src/Mc32gestSPiDac.c</itemPath>
        <itemPath>../src/Mc32gest_SerComm.c</itemPath>
        <itemPath>../src/MenuGen.c</itemPath>
      </logicalFolder>
      <logicalFolder name="f3" displayName="bsp" projectFiles="true">
        <logicalFolder name="f1" displayName="pic32mx_skes" projectFiles="true">
          <itemPath>../../../../../bsp/pic32mx_skes/bsp.c</itemPath>
          <itemPath>../../../../../bsp/pic32mx_skes/Mc32Delays.c</itemPath>
          <itemPath>../../../../../bsp/pic32mx_skes/Mc32DriverAdc.c</itemPath>
          <itemPath>../../../../../bsp/pic32mx_skes/Mc32DriverAdcAlt.c</itemPath>
          <itemPath>../../../../../bsp/pic32mx_skes/Mc32DriverLcd.c</itemPath>
          <itemPath>../../../../../bsp/pic32mx_skes/Mc32CoreTimer.c</itemPath>
        </logicalFolder>
      </logicalFolder>
      <logicalFolder name="f2" displayName="framework" projectFiles="true">
        <logicalFolder name="f1" displayName="crypto" projectFiles="true">
          <logicalFolder name="f1" displayName="src" projectFiles="true">
            <logicalFolder name="f1" displayName="zlib-1.2.7" projectFiles="true">
              <itemPath>../../../../../framework/crypto/src/zlib-1.2.7/adler32.c</itemPath>
              <itemPath>../../../../../framework/crypto/src/zlib-1.2.7/compress.c</itemPath>
              <itemPath>../../../../../framework/crypto/src/zlib-1.2.7/crc32.c</itemPath>
              <itemPath>../../../../../framework/crypto/src/zlib-1.2.7/deflate.c</itemPath>
              <itemPath>../../../../../framework/crypto/src/zlib-1.2.7/infback.c</itemPath>
              <itemPath>../../../../../framework/crypto/src/zlib-1.2.7/inffast.c</itemPath>
              <itemPath>../../../../../framework/crypto/src/zlib-1.2.7/inflate.c</itemPath>
              <itemPath>../../../../../framework/crypto/src/zlib-1.2.7/inftrees.c</itemPath>
              <itemPath>../../../../../framework/crypto/src/zlib-1.2.7/trees.c</itemPath>
              <itemPath>../../../../../framework/crypto/src/zlib-1.2.7/uncompr.c</itemPath>
              <itemPath>../../../../../framework/crypto/src/zlib-1.2.7/zutil.c</itemPath>
            </logicalFolder>
            <itemPath>../../../../../framework/crypto/src/ecc.c</itemPath>
            <itemPath>../../../../../framework/crypto/src/arc4.c</itemPath>
            <itemPath>../../../../../framework/crypto/src/pwdbased.c</itemPath>
            <itemPath>../../../../../framework/crypto/src/tfm.c</itemPath>
            <itemPath>../../../../../framework/crypto/src/asm.c</itemPath>
            <itemPath>../../../../../framework/crypto/src/asn.c</itemPath>
            <itemPath>../../../../../framework/crypto/src/des3.c</itemPath>
            <itemPath>../../../../../framework/crypto/src/rsa.c</itemPath>
            <itemPath>../../../../../framework/crypto/src/aes.c</itemPath>
            <itemPath>../../../../../framework/crypto/src/md5.c</itemPath>
            <itemPath>../../../../../framework/crypto/src/sha.c</itemPath>
            <itemPath>../../../../../framework/crypto/src/sha256.c</itemPath>
            <itemPath>../../../../../framework/crypto/src/sha512.c</itemPath>
            <itemPath>../../../../../framework/crypto/src/hmac.c</itemPath>
            <itemPath>../../../../../framework/crypto/src/hash.c</itemPath>
            <itemPath>../../../../../framework/crypto/src/compress.c</itemPath>
            <itemPath>../../../../../framework/crypto/src/random.c</itemPath>
            <itemPath>../../../../../framework/crypto/src/crypto.c</itemPath>
            <itemPath>../../../../../framework/crypto/src/coding.c</itemPath>
            <itemPath>../../../../../framework/crypto/src/error.c</itemPath>
            <itemPath>../../../../../framework/crypto/src/integer.c</itemPath>
            <itemPath>../../../../../framework/crypto/src/logging.c</itemPath>
            <itemPath>../../../../../framework/crypto/src/memory.c</itemPath>
            <itemPath>../../../../../framework/crypto/src/wc_port.c</itemPath>
            <itemPath>../../../../../framework/crypto/src/wolfmath.c</itemPath>
          </logicalFolder>
        </logicalFolder>
        <logicalFolder name="f2" displayName="driver" projectFiles="true">
          <logicalFolder name="f1" displayName="ethmac" projectFiles="true">
            <itemPath>../../../../../framework/driver/ethmac/src/dynamic/drv_ethmac.c</itemPath>
            <itemPath>../../../../../framework/driver/ethmac/src/dynamic/drv_ethmac_lib.c</itemPath>
          </logicalFolder>
          <logicalFolder name="f2" displayName="ethphy" projectFiles="true">
            <itemPath>../../../../../framework/driver/ethphy/src/dynamic/drv_ethphy.c</itemPath>
            <itemPath>../../../../../framework/driver/ethphy/src/dynamic/drv_extphy_dp83848.c</itemPath>
          </logicalFolder>
          <logicalFolder name="f3" displayName="miim" projectFiles="true">
            <logicalFolder name="f1" displayName="src" projectFiles="true">
              <logicalFolder name="f1" displayName="dynamic" projectFiles="true">
                <itemPath>../../../../../framework/driver/miim/src/dynamic/drv_miim.c</itemPath>
              </logicalFolder>
            </logicalFolder>
          </logicalFolder>
          <logicalFolder name="f4" displayName="tmr" projectFiles="true">
            <logicalFolder name="f1" displayName="src" projectFiles="true">
              <logicalFolder name="f1" displayName="dynamic" projectFiles="true">
                <itemPath>../../../../../framework/driver/tmr/src/dynamic/drv_tmr.c</itemPath>
              </logicalFolder>
            </logicalFolder>
          </logicalFolder>
          <logicalFolder name="f5" displayName="usb" projectFiles="true">
            <logicalFolder name="f1" displayName="usbfs" projectFiles="true">
              <logicalFolder name="f1" displayName="src" projectFiles="true">
                <logicalFolder name="f1" displayName="dynamic" projectFiles="true">
                  <itemPath>../../../../../framework/driver/usb/usbfs/src/dynamic/drv_usbfs.c</itemPath>
                  <itemPath>../../../../../framework/driver/usb/usbfs/src/dynamic/drv_usbfs_device.c</itemPath>
                </logicalFolder>
              </logicalFolder>
            </logicalFolder>
            <logicalFolder name="f2" displayName="usbhs" projectFiles="true">
              <logicalFolder name="f1" displayName="src" projectFiles="true">
                <logicalFolder name="f1" displayName="dynamic" projectFiles="true">
                  <itemPath>../../../../../framework/driver/usb/usbhs/src/dynamic/drv_usbhs.c</itemPath>
                  <itemPath>../../../../../framework/driver/usb/usbhs/src/dynamic/drv_usbhs_device.c</itemPath>
                </logicalFolder>
              </logicalFolder>
            </logicalFolder>
          </logicalFolder>
        </logicalFolder>
        <logicalFolder name="f3" displayName="system" projectFiles="true">
          <logicalFolder name="f1" displayName="command" projectFiles="true">
            <logicalFolder name="f1" displayName="src" projectFiles="true">
              <itemPath>../../../../../framework/system/command/src/sys_command.c</itemPath>
            </logicalFolder>
          </logicalFolder>
          <logicalFolder name="f2" displayName="console" projectFiles="true">
            <logicalFolder name="f1" displayName="src" projectFiles="true">
              <itemPath>../../../../../framework/system/console/src/sys_console.c</itemPath>
              <itemPath>../../../../../framework/system/console/src/sys_console_usb_cdc.c</itemPath>
            </logicalFolder>
          </logicalFolder>
          <logicalFolder name="f3" displayName="debug" projectFiles="true">
            <logicalFolder name="f1" displayName="src" projectFiles="true">
              <itemPath>../../../../../framework/system/debug/src/sys_debug.c</itemPath>
            </logicalFolder>
          </logicalFolder>
          <logicalFolder name="f4" displayName="int" projectFiles="true">
            <logicalFolder name="f1" displayName="src" projectFiles="true">
              <itemPath>../../../../../framework/system/int/src/sys_int_pic32.c</itemPath>
            </logicalFolder>
          </logicalFolder>
          <logicalFolder name="f5" displayName="random" projectFiles="true">
            <logicalFolder name="f1" displayName="src" projectFiles="true">
              <itemPath>../../../../../framework/system/random/src/sys_random.c</itemPath>
            </logicalFolder>
          </logicalFolder>
          <logicalFolder name="f6" displayName="tmr" projectFiles="true">
            <logicalFolder name="f1" displayName="src" projectFiles="true">
              <itemPath>../../../../../framework/system/tmr/src/sys_tmr.c</itemPath>
            </logicalFolder>
          </logicalFolder>
        </logicalFolder>
        <logicalFolder name="f4" displayName="tcpip" projectFiles="true">
          <logicalFolder name="f1" displayName="src" projectFiles="true">
            <logicalFolder name="f1" displayName="common" projectFiles="true">
              <itemPath>../../../../../framework/tcpip/src/common/helpers.c</itemPath>
            </logicalFolder>
            <itemPath>../../../../../framework/tcpip/src/ipv4.c</itemPath>
            <itemPath>../../../../../framework/tcpip/src/tcp.c</itemPath>
            <itemPath>../../../../../framework/tcpip/src/udp.c</itemPath>
            <itemPath>../../../../../framework/tcpip/src/tcpip_heap_alloc.c</itemPath>
            <itemPath>../../../../../framework/tcpip/src/tcpip_heap_internal.c</itemPath>
            <itemPath>../../../../../framework/tcpip/src/arp.c</itemPath>
            <itemPath>../../../../../framework/tcpip/src/dhcp.c</itemPath>
            <itemPath>../../../../../framework/tcpip/src/dns.c</itemPath>
            <itemPath>../../../../../framework/tcpip/src/icmp.c</itemPath>
            <itemPath>../../../../../framework/tcpip/src/nbns.c</itemPath>
            <itemPath>../../../../../framework/tcpip/src/zero_conf_helper.c</itemPath>
            <itemPath>../../../../../framework/tcpip/src/zero_conf_link_local.c</itemPath>
            <itemPath>../../../../../framework/tcpip/src/tcpip_announce.c</itemPath>
            <itemPath>../../../../../framework/tcpip/src/tcpip_commands.c</itemPath>
            <itemPath>../../../../../framework/tcpip/src/hash_fnv.c</itemPath>
            <itemPath>../../../../../framework/tcpip/src/oahash.c</itemPath>
            <itemPath>../../../../../framework/tcpip/src/tcpip_helpers.c</itemPath>
            <itemPath>../../../../../framework/tcpip/src/tcpip_helper_c32.S</itemPath>
            <itemPath>../../../../../framework/tcpip/src/tcpip_manager.c</itemPath>
            <itemPath>../../../../../framework/tcpip/src/tcpip_notify.c</itemPath>
            <itemPath>../../../../../framework/tcpip/src/tcpip_packet.c</itemPath>
          </logicalFolder>
        </logicalFolder>
        <logicalFolder name="f5" displayName="usb" projectFiles="true">
          <logicalFolder name="f1" displayName="src" projectFiles="true">
            <logicalFolder name="f1" displayName="dynamic" projectFiles="true">
              <itemPath>../../../../../framework/usb/src/dynamic/usb_device.c</itemPath>
              <itemPath>../../../../../framework/usb/src/dynamic/usb_device_cdc.c</itemPath>
              <itemPath>../../../../../framework/usb/src/dynamic/usb_device_cdc_acm.c</itemPath>
            </logicalFolder>
          </logicalFolder>
        </logicalFolder>
      </logicalFolder>
    </logicalFolder>
  </logicalFolder>
  <sourceRootList>
    <Elem>../src</Elem>
    <Elem>../src/system_config/pic32mx_eth_Sk2</Elem>
    <Elem>../../../../../framework/crypto/src</Elem>
    <Elem>../../../../../framework/driver/tmr/src/dynamic</Elem>
    <Elem>../../../../../framework/system/clk/src</Elem>
    <Elem>../../../../../framework/system/devcon/src</Elem>
    <Elem>../../../../../framework/system/int/src</Elem>
    <Elem>../../../../../framework/system/ports/src</Elem>
    <Elem>../../../../../framework/system/random/src</Elem>
    <Elem>../../../../../framework/system/reset/src</Elem>
    <Elem>../../../../../framework/system/tmr/src</Elem>
    <Elem>../../../../../framework/tcpip/src</Elem>
    <Elem>../../../../../framework/driver/ethmac/src/dynamic</Elem>
    <Elem>../../../../../framework/driver/ethphy/src/dynamic</Elem>
    <Elem>../../../../../framework/tcpip/src/common</Elem>
    <Elem>../../../../../framework/tcpip/src/system</Elem>
    <Elem>../../../../../framework/tcpip/src/system/drivers</Elem>
    <Elem>../../../../../bsp/pic32mx_eth_sk2</Elem>
    <Elem>../src/system_config/pic32mx_eth_sk</Elem>
    <Elem>../../../../../bsp/pic32mx_eth_sk</Elem>
    <Elem>../src/system_config/pic32mz_ec_sk</Elem>
    <Elem>../../../../../bsp/pic32mz_ec_sk</Elem>
    <Elem>../src/system_config/pic32mx_eth_sk2</Elem>
    <Elem>../src/system_config/pic32mz_ef_sk</Elem>
    <Elem>../../..</Elem>
    <Elem>../src/pic32mx_eth_sk2</Elem>
    <Elem>../src/pic32mx_eth_sk</Elem>
    <Elem>../src/pic32mz_ec_sk</Elem>
    <Elem>../src/pic32mz_ef_sk</Elem>
    <Elem>..\src</Elem>
    <Elem>..\src\pic32mx_eth_sk2</Elem>
    <Elem>..\src\system_config\pic32mx_eth_sk2</Elem>
    <Elem>..\src\pic32mx_eth_sk</Elem>
    <Elem>..\src\system_config\pic32mx_eth_sk</Elem>
    <Elem>..\src\pic32mz_ec_sk</Elem>
    <Elem>..\src\system_config\pic32mz_ec_sk</Elem>
    <Elem>..\src\pic32mz_ef_sk</Elem>
    <Elem>..\src\system_config\pic32mz_ef_sk</Elem>
  </sourceRootList>
  <projectmakefile>Makefile</projectmakefile>
  <confs>
    <conf name="pic32mx_eth_sk2" type="2">
      <toolsSet>
        <developmentServer>localhost</developmentServer>
        <targetDevice>PIC32MX795F512L</targetDevice>
        <targetHeader></targetHeader>
        <targetPluginBoard></targetPluginBoard>
        <platformTool>snap</platformTool>
        <languageToolchain>XC32</languageToolchain>
        <languageToolchainVersion>2.50</languageToolchainVersion>
        <platform>3</platform>
      </toolsSet>
      <packs>
        <pack name="PIC32MX_DFP" vendor="Microchip" version="1.5.259"/>
      </packs>
      <ScriptingSettings>
      </ScriptingSettings>
      <compileType>
        <linkerTool>
          <linkerLibItems>
            <linkerLibFileItem>../../../../../bin/framework/peripheral/PIC32MX795F512L_peripherals.a</linkerLibFileItem>
          </linkerLibItems>
        </linkerTool>
        <archiverTool>
        </archiverTool>
        <loading>
          <useAlternateLoadableFile>false</useAlternateLoadableFile>
          <parseOnProdLoad>false</parseOnProdLoad>
          <alternateLoadableFile></alternateLoadableFile>
        </loading>
        <subordinates>
        </subordinates>
      </compileType>
      <makeCustomizationType>
        <makeCustomizationPreStepEnabled>false</makeCustomizationPreStepEnabled>
        <makeUseCleanTarget>false</makeUseCleanTarget>
        <makeCustomizationPreStep></makeCustomizationPreStep>
        <makeCustomizationPostStepEnabled>false</makeCustomizationPostStepEnabled>
        <makeCustomizationPostStep></makeCustomizationPostStep>
        <makeCustomizationPutChecksumInUserID>false</makeCustomizationPutChecksumInUserID>
        <makeCustomizationEnableLongLines>false</makeCustomizationEnableLongLines>
        <makeCustomizationNormalizeHexFile>false</makeCustomizationNormalizeHexFile>
      </makeCustomizationType>
      <item path="../../../../../framework/driver/usb/usbhs/src/drv_usbhs_local.h"
            ex="true"
            overriding="false">
        <C32>
        </C32>
        <C32-AR>
        </C32-AR>
        <C32-AS>
        </C32-AS>
        <C32-CO>
        </C32-CO>
        <C32-LD>
        </C32-LD>
        <C32CPP>
        </C32CPP>
        <C32Global>
        </C32Global>
      </item>
      <item path="../../../../../framework/driver/usb/usbhs/src/drv_usbhs_variant_mapping.h"
            ex="true"
            overriding="false">
        <C32>
        </C32>
        <C32-AR>
        </C32-AR>
        <C32-AS>
        </C32-AS>
        <C32-CO>
        </C32-CO>
        <C32-LD>
        </C32-LD>
        <C32CPP>
        </C32CPP>
        <C32Global>
        </C32Global>
      </item>
      <item path="../../../../../framework/driver/usb/usbhs/src/dynamic/drv_usbhs.c"
            ex="true"
            overriding="false">
        <C32>
        </C32>
        <C32-AR>
        </C32-AR>
        <C32-AS>
        </C32-AS>
        <C32-CO>
        </C32-CO>
        <C32-LD>
        </C32-LD>
        <C32CPP>
        </C32CPP>
        <C32Global>
        </C32Global>
      </item>
      <item path="../../../../../framework/driver/usb/usbhs/src/dynamic/drv_usbhs_device.c"
            ex="true"
            overriding="false">
        <C32>
        </C32>
        <C32-AR>
        </C32-AR>
        <C32-AS>
        </C32-AS>
        <C32-CO>
        </C32-CO>
        <C32-LD>
        </C32-LD>
        <C32CPP>
        </C32CPP>
        <C32Global>
        </C32Global>
      </item>
      <item path="../../../../../framework/system/wdt/sys_wdt_local.h"
            ex="true"
            overriding="false">
        <C32>
        </C32>
        <C32-AR>
        </C32-AR>
        <C32-AS>
        </C32-AS>
        <C32-CO>
        </C32-CO>
        <C32-LD>
        </C32-LD>
        <C32CPP>
        </C32CPP>
        <C32Global>
        </C32Global>
      </item>
      <item path="../src/system_config/pic32mz_ef_sk/bsp/bsp.h"
            ex="true"
            overriding="false">
        <C32>
        </C32>
        <C32-AR>
        </C32-AR>
        <C32-AS>
        </C32-AS>
        <C32-CO>
        </C32-CO>
        <C32-LD>
        </C32-LD>
        <C32CPP>
        </C32CPP>
        <C32Global>
        </C32Global>
      </item>
      <item path="../src/system_config/pic32mz_ef_sk/framework/system/devcon/src/sys_devcon_local.h"
            ex="true"
            overriding="false">
        <C32>
        </C32>
        <C32-AR>
        </C32-AR>
        <C32-AS>
        </C32-AS>
        <C32-CO>
        </C32-CO>
        <C32-LD>
        </C32-LD>
        <C32CPP>
        </C32CPP>
        <C32Global>
        </C32Global>
      </item>
      <item path="../src/system_config/pic32mz_ef_sk/framework/system/devcon/sys_devcon.h"
            ex="true"
            overriding="false">
        <C32>
        </C32>
        <C32-AR>
        </C32-AR>
        <C32-AS>
        </C32-AS>
        <C32-CO>
        </C32-CO>
        <C32-LD>
        </C32-LD>
        <C32CPP>
        </C32CPP>
        <C32Global>
        </C32Global>
      </item>
      <item path="../src/system_config/pic32mz_ef_sk/system_config.h"
            ex="true"
            overriding="false">
        <C32>
        </C32>
        <C32-AR>
        </C32-AR>
        <C32-AS>
        </C32-AS>
        <C32-CO>
        </C32-CO>
        <C32-LD>
        </C32-LD>
        <C32CPP>
        </C32CPP>
        <C32Global>
        </C32Global>
      </item>
      <item path="../src/system_config/pic32mz_ef_sk/system_definitions.h"
            ex="true"
            overriding="false">
        <C32>
        </C32>
        <C32-AR>
        </C32-AR>
        <C32-AS>
        </C32-AS>
        <C32-CO>
        </C32-CO>
        <C32-LD>
        </C32-LD>
        <C32CPP>
        </C32CPP>
        <C32Global>
        </C32Global>
      </item>
      <C32>
        <property key="additional-warnings" value="true"/>
        <property key="addresss-attribute-use" value="false"/>
        <property key="enable-app-io" value="false"/>
        <property key="enable-omit-frame-pointer" value="false"/>
        <property key="enable-symbols" value="true"/>
        <property key="enable-unroll-loops" value="false"/>
        <property key="exclude-floating-point" value="false"/>
        <property key="extra-include-directories"
                  value="/system_config;/system_config/pic32mx_eth_Sk2;/crypto/src;/crypto;/driver/tmr;/driver;/system/clk;/system/clk/src;/system/common;/system/devcon;/system/int;/system/ports;/system/random;/system/reset;/system/tmr;/system;/tcpip;/tcpip/src;/driver/ethmac;/driver/ethmac/src;/driver/ethmac/src/dynamic;/driver/ethphy;/driver/ethphy/src;/driver/ethphy/src/dynamic;/tcpip/src/common;/tcpip/src/system/drivers;/system_config/pic32mx_eth_sk2;/pic32mx_eth_sk2;/system_config/pic32mx_eth_sk2/framework;/system_config/pic32mx_eth_sk2/bsp;../src;../src/system_config/pic32mx_eth_sk2;../src/pic32mx_eth_sk2;../../../../../framework;../src/system_config/pic32mx_eth_sk2/framework;../../../../../bsp/pic32mx_skes"/>
        <property key="generate-16-bit-code" value="false"/>
        <property key="generate-micro-compressed-code" value="false"/>
        <property key="isolate-each-function" value="true"/>
        <property key="make-warnings-into-errors" value="false"/>
        <property key="optimization-level" value=""/>
        <property key="place-data-into-section" value="false"/>
        <property key="post-instruction-scheduling" value="default"/>
        <property key="pre-instruction-scheduling" value="default"/>
        <property key="preprocessor-macros" value=""/>
        <property key="strict-ansi" value="false"/>
        <property key="support-ansi" value="false"/>
        <property key="tentative-definitions" value=""/>
        <property key="toplevel-reordering" value=""/>
        <property key="unaligned-access" value=""/>
        <property key="use-cci" value="false"/>
        <property key="use-iar" value="false"/>
        <property key="use-indirect-calls" value="false"/>
      </C32>
      <C32-AR>
        <property key="additional-options-chop-files" value="false"/>
      </C32-AR>
      <C32-AS>
        <property key="assembler-symbols" value=""/>
        <property key="enable-symbols" value="true"/>
        <property key="exclude-floating-point-library" value="false"/>
        <property key="expand-macros" value="false"/>
        <property key="extra-include-directories-for-assembler" value=""/>
        <property key="extra-include-directories-for-preprocessor" value=""/>
        <property key="false-conditionals" value="false"/>
        <property key="generate-16-bit-code" value="false"/>
        <property key="generate-micro-compressed-code" value="false"/>
        <property key="keep-locals" value="false"/>
        <property key="list-assembly" value="false"/>
        <property key="list-source" value="false"/>
        <property key="list-symbols" value="false"/>
        <property key="oXC32asm-list-to-file" value="false"/>
        <property key="omit-debug-dirs" value="false"/>
        <property key="omit-forms" value="false"/>
        <property key="preprocessor-macros" value=""/>
        <property key="warning-level" value=""/>
      </C32-AS>
      <C32-CO>
        <property key="coverage-enable" value=""/>
        <property key="stack-guidance" value="false"/>
      </C32-CO>
      <C32-LD>
        <property key="additional-options-use-response-files" value="false"/>
        <property key="additional-options-write-sla" value="false"/>
        <property key="allocate-dinit" value="false"/>
        <property key="code-dinit" value="false"/>
        <property key="ebase-addr" value=""/>
        <property key="enable-check-sections" value="false"/>
        <property key="exclude-floating-point-library" value="false"/>
        <property key="exclude-standard-libraries" value="false"/>
        <property key="extra-lib-directories" value=""/>
        <property key="fill-flash-options-addr" value=""/>
        <property key="fill-flash-options-const" value=""/>
        <property key="fill-flash-options-how" value="0"/>
        <property key="fill-flash-options-inc-const" value="1"/>
        <property key="fill-flash-options-increment" value=""/>
        <property key="fill-flash-options-seq" value=""/>
        <property key="fill-flash-options-what" value="0"/>
        <property key="generate-16-bit-code" value="false"/>
        <property key="generate-cross-reference-file" value="false"/>
        <property key="generate-micro-compressed-code" value="false"/>
        <property key="heap-size" value="44960"/>
        <property key="input-libraries" value=""/>
        <property key="kseg-length" value=""/>
        <property key="kseg-origin" value=""/>
        <property key="linker-symbols" value=""/>
        <property key="map-file" value="${DISTDIR}/${PROJECTNAME}.${IMAGE_TYPE}.map"/>
        <property key="no-device-startup-code" value="false"/>
        <property key="no-startup-files" value="false"/>
        <property key="oXC32ld-extra-opts" value=""/>
        <property key="optimization-level" value=""/>
        <property key="preprocessor-macros" value=""/>
        <property key="remove-unused-sections" value="true"/>
        <property key="report-memory-usage" value="false"/>
        <property key="serial-length" value=""/>
        <property key="serial-origin" value=""/>
        <property key="stack-size" value=""/>
        <property key="symbol-stripping" value=""/>
        <property key="trace-symbols" value=""/>
        <property key="warn-section-align" value="false"/>
      </C32-LD>
      <C32CPP>
        <property key="additional-warnings" value="true"/>
        <property key="addresss-attribute-use" value="false"/>
        <property key="check-new" value="false"/>
        <property key="eh-specs" value="true"/>
        <property key="enable-app-io" value="false"/>
        <property key="enable-omit-frame-pointer" value="false"/>
        <property key="enable-symbols" value="true"/>
        <property key="enable-unroll-loops" value="false"/>
        <property key="exceptions" value="true"/>
        <property key="exclude-floating-point" value="false"/>
        <property key="extra-include-directories" value=""/>
        <property key="generate-16-bit-code" value="false"/>
        <property key="generate-micro-compressed-code" value="false"/>
        <property key="isolate-each-function" value="true"/>
        <property key="make-warnings-into-errors" value="false"/>
        <property key="optimization-level" value=""/>
        <property key="place-data-into-section" value="false"/>
        <property key="post-instruction-scheduling" value="default"/>
        <property key="pre-instruction-scheduling" value="default"/>
        <property key="preprocessor-macros" value=""/>
        <property key="rtti" value="true"/>
        <property key="strict-ansi" value="false"/>
        <property key="toplevel-reordering" value=""/>
        <property key="unaligned-access" value=""/>
        <property key="use-cci" value="false"/>
        <property key="use-iar" value="false"/>
        <property key="use-indirect-calls" value="false"/>
      </C32CPP>
      <C32Global>
        <property key="common-include-directories" value=""/>
        <property key="gp-relative-option" value=""/>
        <property key="legacy-libc" value="false"/>
        <property key="mdtcm" value=""/>
        <property key="mitcm" value=""/>
        <property key="mstacktcm" value="false"/>
        <property key="omit-pack-options" value="1"/>
        <property key="relaxed-math" value="false"/>
        <property key="save-temps" value="false"/>
        <property key="stack-smashing" value=""/>
        <property key="wpo-lto" value="false"/>
      </C32Global>
      <ICD3PlatformTool>
        <property key="ADC 1" value="true"/>
        <property key="AutoSelectMemRanges" value="auto"/>
        <property key="CAN1" value="true"/>
        <property key="CAN2" value="true"/>
        <property key="CHANGE NOTICE" value="true"/>
        <property key="COMPARATOR" value="true"/>
        <property key="DMA" value="true"/>
        <property key="ETHERNET CONTROLLER" value="true"/>
        <property key="Freeze All Other Peripherals" value="true"/>
        <property key="I2C1" value="true"/>
        <property key="I2C2" value="true"/>
        <property key="I2C3" value="true"/>
        <property key="I2C4" value="true"/>
        <property key="I2C5" value="true"/>
        <property key="INPUT CAPTURE 1" value="true"/>
        <property key="INPUT CAPTURE 2" value="true"/>
        <property key="INPUT CAPTURE 3" value="true"/>
        <property key="INPUT CAPTURE 4" value="true"/>
        <property key="INPUT CAPTURE 5" value="true"/>
        <property key="INTERRUPT CONTROL" value="true"/>
        <property key="OUTPUT COMPARE 1" value="true"/>
        <property key="OUTPUT COMPARE 2" value="true"/>
        <property key="OUTPUT COMPARE 3" value="true"/>
        <property key="OUTPUT COMPARE 4" value="true"/>
        <property key="OUTPUT COMPARE 5" value="true"/>
        <property key="PARALLEL MASTER/SLAVE PORT" value="true"/>
        <property key="REAL TIME CLOCK" value="true"/>
        <property key="SPI 1" value="true"/>
        <property key="SPI 2" value="true"/>
        <property key="SPI 3" value="true"/>
        <property key="SPI 4" value="true"/>
        <property key="SecureSegment.SegmentProgramming" value="FullChipProgramming"/>
        <property key="TIMER1" value="true"/>
        <property key="TIMER2" value="true"/>
        <property key="TIMER3" value="true"/>
        <property key="TIMER4" value="true"/>
        <property key="TIMER5" value="true"/>
        <property key="ToolFirmwareFilePath"
                  value="Press to browse for a specific firmware version"/>
        <property key="ToolFirmwareOption.UseLatestFirmware" value="true"/>
        <property key="UART1" value="true"/>
        <property key="UART2" value="true"/>
        <property key="UART3" value="true"/>
        <property key="UART4" value="true"/>
        <property key="UART5" value="true"/>
        <property key="UART6" value="true"/>
        <property key="USB" value="true"/>
        <property key="debugoptions.useswbreakpoints" value="false"/>
        <property key="hwtoolclock.frcindebug" value="false"/>
        <property key="memories.aux" value="false"/>
        <property key="memories.bootflash" value="false"/>
        <property key="memories.configurationmemory" value="true"/>
        <property key="memories.configurationmemory2" value="true"/>
        <property key="memories.dataflash" value="true"/>
        <property key="memories.eeprom" value="true"/>
        <property key="memories.flashdata" value="true"/>
        <property key="memories.id" value="true"/>
        <property key="memories.instruction.ram" value="true"/>
        <property key="memories.instruction.ram.ranges"
                  value="${memories.instruction.ram.ranges}"/>
        <property key="memories.programmemory" value="true"/>
        <property key="memories.programmemory.ranges" value="1d000000-1d07ffff"/>
        <property key="poweroptions.powerenable" value="false"/>
        <property key="programoptions.donoteraseauxmem" value="false"/>
        <property key="programoptions.eraseb4program" value="true"/>
        <property key="programoptions.preservedataflash" value="false"/>
        <property key="programoptions.preservedataflash.ranges" value=""/>
        <property key="programoptions.preserveeeprom" value="false"/>
        <property key="programoptions.preserveeeprom.ranges" value=""/>
        <property key="programoptions.preserveprogram.ranges" value=""/>
        <property key="programoptions.preserveprogramrange" value="false"/>
        <property key="programoptions.preserveuserid" value="false"/>
        <property key="programoptions.programcalmem" value="false"/>
        <property key="programoptions.programuserotp" value="false"/>
        <property key="programoptions.testmodeentrymethod" value="VDDFirst"/>
        <property key="programoptions.usehighvoltageonmclr" value="false"/>
        <property key="programoptions.uselvpprogramming" value="false"/>
        <property key="voltagevalue" value="3.25"/>
      </ICD3PlatformTool>
      <RealICEPlatformTool>
        <property key="ADC 1" value="true"/>
        <property key="AutoSelectMemRanges" value="auto"/>
        <property key="CAN1" value="true"/>
        <property key="CAN2" value="true"/>
        <property key="CHANGE NOTICE" value="true"/>
        <property key="COMPARATOR" value="true"/>
        <property key="DMA" value="true"/>
        <property key="ETHERNET CONTROLLER" value="true"/>
        <property key="Freeze All Other Peripherals" value="true"/>
        <property key="I2C1" value="true"/>
        <property key="I2C2" value="true"/>
        <property key="I2C3" value="true"/>
        <property key="I2C4" value="true"/>
        <property key="I2C5" value="true"/>
        <property key="INPUT CAPTURE 1" value="true"/>
        <property key="INPUT CAPTURE 2" value="true"/>
        <property key="INPUT CAPTURE 3" value="true"/>
        <property key="INPUT CAPTURE 4" value="true"/>
        <property key="INPUT CAPTURE 5" value="true"/>
        <property key="INTERRUPT CONTROL" value="true"/>
        <property key="OUTPUT COMPARE 1" value="true"/>
        <property key="OUTPUT COMPARE 2" value="true"/>
        <property key="OUTPUT COMPARE 3" value="true"/>
        <property key="OUTPUT COMPARE 4" value="true"/>
        <property key="OUTPUT COMPARE 5" value="true"/>
        <property key="PARALLEL MASTER/SLAVE PORT" value="true"/>
        <property key="REAL TIME CLOCK" value="true"/>
        <property key="RIExTrigs.Five" value="OFF"/>
        <property key="RIExTrigs.Four" value="OFF"/>
        <property key="RIExTrigs.One" value="OFF"/>
        <property key="RIExTrigs.Seven" value="OFF"/>
        <property key="RIExTrigs.Six" value="OFF"/>
        <property key="RIExTrigs.Three" value="OFF"/>
        <property key="RIExTrigs.Two" value="OFF"/>
        <property key="RIExTrigs.Zero" value="OFF"/>
        <property key="SPI 1" value="true"/>
        <property key="SPI 2" value="true"/>
        <property key="SPI 3" value="true"/>
        <property key="SPI 4" value="true"/>
        <property key="SecureSegment.SegmentProgramming" value="FullChipProgramming"/>
        <property key="TIMER1" value="true"/>
        <property key="TIMER2" value="true"/>
        <property key="TIMER3" value="true"/>
        <property key="TIMER4" value="true"/>
        <property key="TIMER5" value="true"/>
        <property key="ToolFirmwareFilePath"
                  value="Press to browse for a specific firmware version"/>
        <property key="ToolFirmwareOption.UseLatestFirmware" value="true"/>
        <property key="UART1" value="true"/>
        <property key="UART2" value="true"/>
        <property key="UART3" value="true"/>
        <property key="UART4" value="true"/>
        <property key="UART5" value="true"/>
        <property key="UART6" value="true"/>
        <property key="USB" value="true"/>
        <property key="debugoptions.useswbreakpoints" value="false"/>
        <property key="hwtoolclock.frcindebug" value="false"/>
        <property key="hwtoolclock.instructionspeed" value="4"/>
        <property key="hwtoolclock.units" value="mips"/>
        <property key="memories.aux" value="false"/>
        <property key="memories.bootflash" value="true"/>
        <property key="memories.configurationmemory" value="true"/>
        <property key="memories.configurationmemory2" value="true"/>
        <property key="memories.dataflash" value="true"/>
        <property key="memories.eeprom" value="true"/>
        <property key="memories.flashdata" value="true"/>
        <property key="memories.id" value="true"/>
        <property key="memories.instruction.ram" value="true"/>
        <property key="memories.instruction.ram.ranges"
                  value="${memories.instruction.ram.ranges}"/>
        <property key="memories.programmemory" value="true"/>
        <property key="memories.programmemory.ranges" value="1d000000-1d07ffff"/>
        <property key="poweroptions.powerenable" value="false"/>
        <property key="programoptions.donoteraseauxmem" value="false"/>
        <property key="programoptions.eraseb4program" value="true"/>
        <property key="programoptions.preservedataflash" value="false"/>
        <property key="programoptions.preservedataflash.ranges" value=""/>
        <property key="programoptions.preserveeeprom" value="false"/>
        <property key="programoptions.preserveeeprom.ranges" value=""/>
        <property key="programoptions.preserveprogram.ranges" value=""/>
        <property key="programoptions.preserveprogramrange" value="false"/>
        <property key="programoptions.preserveuserid" value="false"/>
        <property key="programoptions.programcalmem" value="false"/>
        <property key="programoptions.programuserotp" value="false"/>
        <property key="programoptions.usehighvoltageonmclr" value="false"/>
        <property key="programoptions.uselvpprogramming" value="false"/>
        <property key="tracecontrol.disablemacros" value="false"/>
        <property key="tracecontrol.include.timestamp" value="summarydataenabled"/>
        <property key="tracecontrol.medium" value="0"/>
        <property key="tracecontrol.select" value="0"/>
        <property key="tracecontrol.stallontracebufferfull" value="false"/>
        <property key="tracecontrol.tracebufmax" value="546000"/>
        <property key="tracecontrol.tracefile" value="defmplabxtrace.log"/>
        <property key="tracecontrol.tracefilemax" value="10000000"/>
        <property key="voltagevalue" value="3.25"/>
      </RealICEPlatformTool>
      <Tool>
        <property key="ADC 1" value="true"/>
        <property key="AutoSelectMemRanges" value="auto"/>
        <property key="CAN1" value="true"/>
        <property key="CAN2" value="true"/>
        <property key="CHANGE NOTICE" value="true"/>
        <property key="COMPARATOR" value="true"/>
        <property key="DMA" value="true"/>
        <property key="ETHERNET CONTROLLER" value="true"/>
        <property key="Freeze All Other Peripherals" value="true"/>
        <property key="I2C1" value="true"/>
        <property key="I2C2" value="true"/>
        <property key="I2C3" value="true"/>
        <property key="I2C4" value="true"/>
        <property key="I2C5" value="true"/>
        <property key="INPUT CAPTURE 1" value="true"/>
        <property key="INPUT CAPTURE 2" value="true"/>
        <property key="INPUT CAPTURE 3" value="true"/>
        <property key="INPUT CAPTURE 4" value="true"/>
        <property key="INPUT CAPTURE 5" value="true"/>
        <property key="INTERRUPT CONTROL" value="true"/>
        <property key="OUTPUT COMPARE 1" value="true"/>
        <property key="OUTPUT COMPARE 2" value="true"/>
        <property key="OUTPUT COMPARE 3" value="true"/>
        <property key="OUTPUT COMPARE 4" value="true"/>
        <property key="OUTPUT COMPARE 5" value="true"/>
        <property key="PARALLEL MASTER/SLAVE PORT" value="true"/>
        <property key="REAL TIME CLOCK" value="true"/>
        <property key="RIExTrigs.Five" value="OFF"/>
        <property key="RIExTrigs.Four" value="OFF"/>
        <property key="RIExTrigs.One" value="OFF"/>
        <property key="RIExTrigs.Seven" value="OFF"/>
        <property key="RIExTrigs.Six" value="OFF"/>
        <property key="RIExTrigs.Three" value="OFF"/>
        <property key="RIExTrigs.Two" value="OFF"/>
        <property key="RIExTrigs.Zero" value="OFF"/>
        <property key="SPI 1" value="true"/>
        <property key="SPI 2" value="true"/>
        <property key="SPI 3" value="true"/>
        <property key="SPI 4" value="true"/>
        <property key="SecureSegment.SegmentProgramming" value="FullChipProgramming"/>
        <property key="TIMER1" value="true"/>
        <property key="TIMER2" value="true"/>
        <property key="TIMER3" value="true"/>
        <property key="TIMER4" value="true"/>
        <property key="TIMER5" value="true"/>
        <property key="ToolFirmwareFilePath"
                  value="Press to browse for a specific firmware version"/>
        <property key="ToolFirmwareOption.UpdateOptions"
                  value="ToolFirmwareOption.UseLatest"/>
        <property key="ToolFirmwareOption.UseLatestFirmware" value="true"/>
        <property key="ToolFirmwareToolPack"
                  value="Press to select which tool pack to use"/>
        <property key="UART1" value="true"/>
        <property key="UART2" value="true"/>
        <property key="UART3" value="true"/>
        <property key="UART4" value="true"/>
        <property key="UART5" value="true"/>
        <property key="UART6" value="true"/>
        <property key="USB" value="true"/>
        <property key="communication.interface" value=""/>
        <property key="communication.interface.jtag" value="2wire"/>
        <property key="communication.speed" value="${communication.speed.default}"/>
        <property key="debugoptions.simultaneous.debug" value="false"/>
        <property key="debugoptions.useswbreakpoints" value="false"/>
        <property key="firmware.download.all" value="false"/>
        <property key="freeze.timers" value="false"/>
        <property key="hwtoolclock.frcindebug" value="false"/>
        <property key="hwtoolclock.instructionspeed" value="4"/>
        <property key="hwtoolclock.units" value="mips"/>
        <property key="memories.aux" value="false"/>
        <property key="memories.bootflash" value="true"/>
        <property key="memories.configurationmemory" value="true"/>
        <property key="memories.configurationmemory2" value="true"/>
        <property key="memories.dataflash" value="true"/>
        <property key="memories.eeprom" value="true"/>
        <property key="memories.exclude.configurationmemory" value="true"/>
        <property key="memories.flashdata" value="true"/>
        <property key="memories.id" value="true"/>
        <property key="memories.instruction.ram" value="true"/>
        <property key="memories.instruction.ram.ranges"
                  value="${memories.instruction.ram.ranges}"/>
        <property key="memories.programmemory" value="true"/>
        <property key="memories.programmemory.ranges" value="1d000000-1d07ffff"/>
        <property key="memories.rww" value="true"/>
        <property key="poweroptions.powerenable" value="false"/>
        <property key="programoptions.donoteraseauxmem" value="false"/>
        <property key="programoptions.eraseb4program" value="true"/>
        <property key="programoptions.pgmentry.voltage" value="low"/>
        <property key="programoptions.pgmspeed" value="Med"/>
        <property key="programoptions.preservedataflash" value="false"/>
        <property key="programoptions.preservedataflash.ranges"
                  value="${memories.dataflash.default}"/>
        <property key="programoptions.preserveeeprom" value="false"/>
        <property key="programoptions.preserveeeprom.ranges" value=""/>
        <property key="programoptions.preserveprogram.ranges" value=""/>
        <property key="programoptions.preserveprogramrange" value="false"/>
        <property key="programoptions.preserveuserid" value="false"/>
        <property key="programoptions.programcalmem" value="false"/>
        <property key="programoptions.programuserotp" value="false"/>
        <property key="programoptions.testmodeentrymethod" value="VDDFirst"/>
        <property key="programoptions.usehighvoltageonmclr" value="false"/>
        <property key="programoptions.uselvpprogramming" value="false"/>
        <property key="toolpack.updateoptions"
                  value="toolpack.updateoptions.uselatestoolpack"/>
        <property key="toolpack.updateoptions.packversion"
                  value="Press to select which tool pack to use"/>
        <property key="tracecontrol.disablemacros" value="false"/>
        <property key="tracecontrol.include.timestamp" value="summarydataenabled"/>
        <property key="tracecontrol.medium" value="0"/>
        <property key="tracecontrol.select" value="0"/>
        <property key="tracecontrol.stallontracebufferfull" value="false"/>
        <property key="tracecontrol.tracebufmax" value="546000"/>
        <property key="tracecontrol.tracefile" value="defmplabxtrace.log"/>
        <property key="tracecontrol.tracefilemax" value="10000000"/>
        <property key="voltagevalue" value="3.25"/>
      </Tool>
      <snap>
        <property key="ADC 1" value="true"/>
        <property key="AutoSelectMemRanges" value="auto"/>
        <property key="CAN1" value="true"/>
        <property key="CAN2" value="true"/>
        <property key="CHANGE NOTICE" value="true"/>
        <property key="COMPARATOR" value="true"/>
        <property key="DMA" value="true"/>
        <property key="ETHERNET CONTROLLER" value="true"/>
        <property key="Freeze All Other Peripherals" value="true"/>
        <property key="I2C1" value="true"/>
        <property key="I2C2" value="true"/>
        <property key="I2C3" value="true"/>
        <property key="I2C4" value="true"/>
        <property key="I2C5" value="true"/>
        <property key="INPUT CAPTURE 1" value="true"/>
        <property key="INPUT CAPTURE 2" value="true"/>
        <property key="INPUT CAPTURE 3" value="true"/>
        <property key="INPUT CAPTURE 4" value="true"/>
        <property key="INPUT CAPTURE 5" value="true"/>
        <property key="INTERRUPT CONTROL" value="true"/>
        <property key="OUTPUT COMPARE 1" value="true"/>
        <property key="OUTPUT COMPARE 2" value="true"/>
        <property key="OUTPUT COMPARE 3" value="true"/>
        <property key="OUTPUT COMPARE 4" value="true"/>
        <property key="OUTPUT COMPARE 5" value="true"/>
        <property key="PARALLEL MASTER/SLAVE PORT" value="true"/>
        <property key="REAL TIME CLOCK" value="true"/>
        <property key="SPI 1" value="true"/>
        <property key="SPI 2" value="true"/>
        <property key="SPI 3" value="true"/>
        <property key="SPI 4" value="true"/>
        <property key="TIMER1" value="true"/>
        <property key="TIMER2" value="true"/>
        <property key="TIMER3" value="true"/>
        <property key="TIMER4" value="true"/>
        <property key="TIMER5" value="true"/>
        <property key="ToolFirmwareFilePath"
                  value="Press to browse for a specific firmware version"/>
        <property key="ToolFirmwareOption.UpdateOptions"
                  value="ToolFirmwareOption.UseLatest"/>
        <property key="ToolFirmwareToolPack"
                  value="Press to select which tool pack to use"/>
        <property key="UART1" value="true"/>
        <property key="UART2" value="true"/>
        <property key="UART3" value="true"/>
        <property key="UART4" value="true"/>
        <property key="UART5" value="true"/>
        <property key="UART6" value="true"/>
        <property key="USB" value="true"/>
        <property key="communication.interface" value=""/>
        <property key="communication.interface.jtag" value="2wire"/>
        <property key="communication.speed" value="${communication.speed.default}"/>
        <property key="debugoptions.simultaneous.debug" value="false"/>
        <property key="debugoptions.useswbreakpoints" value="false"/>
        <property key="freeze.timers" value="false"/>
        <property key="memories.aux" value="false"/>
        <property key="memories.bootflash" value="true"/>
        <property key="memories.configurationmemory" value="true"/>
        <property key="memories.configurationmemory2" value="true"/>
        <property key="memories.dataflash" value="true"/>
        <property key="memories.eeprom" value="true"/>
        <property key="memories.exclude.configurationmemory" value="true"/>
        <property key="memories.flashdata" value="true"/>
        <property key="memories.id" value="true"/>
        <property key="memories.instruction.ram.ranges"
                  value="${memories.instruction.ram.ranges}"/>
        <property key="memories.programmemory" value="true"/>
        <property key="memories.programmemory.ranges" value="1d000000-1d07ffff"/>
        <property key="memories.rww" value="true"/>
        <property key="programoptions.donoteraseauxmem" value="false"/>
        <property key="programoptions.eraseb4program" value="true"/>
        <property key="programoptions.pgmentry.voltage" value="low"/>
        <property key="programoptions.pgmspeed" value="Med"/>
        <property key="programoptions.preservedataflash" value="false"/>
        <property key="programoptions.preservedataflash.ranges"
                  value="${memories.dataflash.default}"/>
        <property key="programoptions.preserveeeprom" value="false"/>
        <property key="programoptions.preserveeeprom.ranges" value=""/>
        <property key="programoptions.preserveprogram.ranges" value=""/>
        <property key="programoptions.preserveprogramrange" value="false"/>
        <property key="programoptions.programcalmem" value="false"/>
        <property key="programoptions.programuserotp" value="false"/>
        <property key="programoptions.testmodeentrymethod" value="VDDFirst"/>
        <property key="toolpack.updateoptions"
                  value="toolpack.updateoptions.uselatestoolpack"/>
        <property key="toolpack.updateoptions.packversion"
                  value="Press to select which tool pack to use"/>
      </snap>
    </conf>
  </confs>
</configurationDescriptor>
