<?xml version="1.0" encoding="UTF-8"?>
<project xmlns="http://www.netbeans.org/ns/project/1">
    <type>com.microchip.mplab.nbide.embedded.makeproject</type>
    <configuration>
        <Harmony xmlns="Harmony" MHC="true"/>
        <data xmlns="http://www.netbeans.org/ns/make-project/1">
            <name>tcpip_IpGen</name>
            <creation-uuid>e54023e9-3948-44ef-bf6f-29d8b223e555</creation-uuid>
            <make-project-type>0</make-project-type>
            <c-extensions>c</c-extensions>
            <cpp-extensions/>
            <header-extensions>h</header-extensions>
            <asminc-extensions/>
            <sourceEncoding>ISO-8859-1</sourceEncoding>
            <make-dep-projects/>
            <sourceRootList>
                <sourceRootElem>../src</sourceRootElem>
                <sourceRootElem>../src/system_config/pic32mx_eth_Sk2</sourceRootElem>
                <sourceRootElem>../../../../../framework/crypto/src</sourceRootElem>
                <sourceRootElem>../../../../../framework/driver/tmr/src/dynamic</sourceRootElem>
                <sourceRootElem>../../../../../framework/system/clk/src</sourceRootElem>
                <sourceRootElem>../../../../../framework/system/devcon/src</sourceRootElem>
                <sourceRootElem>../../../../../framework/system/int/src</sourceRootElem>
                <sourceRootElem>../../../../../framework/system/ports/src</sourceRootElem>
                <sourceRootElem>../../../../../framework/system/random/src</sourceRootElem>
                <sourceRootElem>../../../../../framework/system/reset/src</sourceRootElem>
                <sourceRootElem>../../../../../framework/system/tmr/src</sourceRootElem>
                <sourceRootElem>../../../../../framework/tcpip/src</sourceRootElem>
                <sourceRootElem>../../../../../framework/driver/ethmac/src/dynamic</sourceRootElem>
                <sourceRootElem>../../../../../framework/driver/ethphy/src/dynamic</sourceRootElem>
                <sourceRootElem>../../../../../framework/tcpip/src/common</sourceRootElem>
                <sourceRootElem>../../../../../framework/tcpip/src/system</sourceRootElem>
                <sourceRootElem>../../../../../framework/tcpip/src/system/drivers</sourceRootElem>
                <sourceRootElem>../../../../../bsp/pic32mx_eth_sk2</sourceRootElem>
                <sourceRootElem>../src/system_config/pic32mx_eth_sk</sourceRootElem>
                <sourceRootElem>../../../../../bsp/pic32mx_eth_sk</sourceRootElem>
                <sourceRootElem>../src/system_config/pic32mz_ec_sk</sourceRootElem>
                <sourceRootElem>../../../../../bsp/pic32mz_ec_sk</sourceRootElem>
                <sourceRootElem>../src/system_config/pic32mx_eth_sk2</sourceRootElem>
                <sourceRootElem>../src/system_config/pic32mz_ef_sk</sourceRootElem>
                <sourceRootElem>../../..</sourceRootElem>
                <sourceRootElem>../src/pic32mx_eth_sk2</sourceRootElem>
                <sourceRootElem>../src/pic32mx_eth_sk</sourceRootElem>
                <sourceRootElem>../src/pic32mz_ec_sk</sourceRootElem>
                <sourceRootElem>../src/pic32mz_ef_sk</sourceRootElem>
                <sourceRootElem>..\src</sourceRootElem>
                <sourceRootElem>..\src\pic32mx_eth_sk2</sourceRootElem>
                <sourceRootElem>..\src\system_config\pic32mx_eth_sk2</sourceRootElem>
                <sourceRootElem>..\src\pic32mx_eth_sk</sourceRootElem>
                <sourceRootElem>..\src\system_config\pic32mx_eth_sk</sourceRootElem>
                <sourceRootElem>..\src\pic32mz_ec_sk</sourceRootElem>
                <sourceRootElem>..\src\system_config\pic32mz_ec_sk</sourceRootElem>
                <sourceRootElem>..\src\pic32mz_ef_sk</sourceRootElem>
                <sourceRootElem>..\src\system_config\pic32mz_ef_sk</sourceRootElem>
            </sourceRootList>
            <confList>
                <confElem>
                    <name>pic32mx_eth_sk2</name>
                    <type>2</type>
                </confElem>
            </confList>
            <formatting>
                <project-formatting-style>false</project-formatting-style>
            </formatting>
        </data>
    </configuration>
</project>
